xanim,ai_zm_dlc1_zombie_climb_up_192_down_40
xanim,ai_zm_dlc1_zombie_climb_up_256_down_32
xanim,ai_zm_dlc1_zombie_climb_up_256_down_40
xanim,ai_zm_dlc1_zombie_crawl_climb_up_192_down_40
xanim,ai_zm_dlc1_zombie_crawl_climb_up_256_down_32
xanim,ai_zm_dlc1_zombie_crawl_jump_down_190
xanim,ai_zm_dlc1_zombie_crawl_jump_up_180_down_36
xanim,ai_zm_dlc1_zombie_crawl_jump_up_244_down_36
xanim,ai_zm_dlc1_zombie_crawl_jump_up_36_down_180
xanim,ai_zm_dlc1_zombie_crawl_jump_up_36_down_244
xanim,ai_zm_dlc1_zombie_jump_down_190
xanim,ai_zm_dlc1_zombie_jump_up_180_down_36
xanim,ai_zm_dlc1_zombie_jump_up_244_down_36
xanim,ai_zm_dlc1_zombie_jump_up_36_down_180
xanim,ai_zm_dlc1_zombie_jump_up_36_down_244
xanim,ai_zm_dlc4_zombie_crawl_jump_across_192
xanim,ai_zm_dlc4_zombie_crawl_jump_across_296
xanim,ai_zm_dlc4_zombie_crawl_jump_down_148
xanim,ai_zm_dlc4_zombie_crawl_jump_down_200
xanim,ai_zm_dlc4_zombie_crawl_jump_down_224
xanim,ai_zm_dlc4_zombie_crawl_jump_up_148
xanim,ai_zm_dlc4_zombie_crawl_jump_up_224
xanim,ai_zm_dlc4_zombie_jump_across_192
xanim,ai_zm_dlc4_zombie_jump_across_296
xanim,ai_zm_dlc4_zombie_jump_across_down_148
xanim,ai_zm_dlc4_zombie_jump_across_up_148
xanim,ai_zm_dlc4_zombie_jump_down_200
xanim,ai_zm_dlc4_zombie_jump_down_224
xanim,ai_zm_dlc4_zombie_jump_up_224
xanim,ai_zombie_base_ad_attack_v1
xanim,ai_zombie_base_ad_attack_v2
xanim,ai_zombie_base_ad_attack_v3
xanim,ai_zombie_base_ad_attack_v4
xanim,ai_zombie_base_au_attack_v1
xanim,ai_zombie_base_au_attack_v2
xanim,ai_zombie_base_au_attack_v3
xanim,ai_zombie_base_au_attack_v4
xanim,ai_zombie_base_boardtear_aligned_l_1_grab
xanim,ai_zombie_base_boardtear_aligned_l_1_hold
xanim,ai_zombie_base_boardtear_aligned_l_1_pull
xanim,ai_zombie_base_boardtear_aligned_l_2_grab
xanim,ai_zombie_base_boardtear_aligned_l_2_hold
xanim,ai_zombie_base_boardtear_aligned_l_2_pull
xanim,ai_zombie_base_boardtear_aligned_l_3_grab
xanim,ai_zombie_base_boardtear_aligned_l_3_hold
xanim,ai_zombie_base_boardtear_aligned_l_3_pull
xanim,ai_zombie_base_boardtear_aligned_l_4_grab
xanim,ai_zombie_base_boardtear_aligned_l_4_hold
xanim,ai_zombie_base_boardtear_aligned_l_4_pull
xanim,ai_zombie_base_boardtear_aligned_l_5_grab
xanim,ai_zombie_base_boardtear_aligned_l_5_hold
xanim,ai_zombie_base_boardtear_aligned_l_5_pull
xanim,ai_zombie_base_boardtear_aligned_l_6_grab
xanim,ai_zombie_base_boardtear_aligned_l_6_hold
xanim,ai_zombie_base_boardtear_aligned_l_6_pull
xanim,ai_zombie_base_boardtear_aligned_m_1_grab
xanim,ai_zombie_base_boardtear_aligned_m_1_hold
xanim,ai_zombie_base_boardtear_aligned_m_1_pull
xanim,ai_zombie_base_boardtear_aligned_m_2_grab
xanim,ai_zombie_base_boardtear_aligned_m_2_hold
xanim,ai_zombie_base_boardtear_aligned_m_2_pull
xanim,ai_zombie_base_boardtear_aligned_m_3_grab
xanim,ai_zombie_base_boardtear_aligned_m_3_hold
xanim,ai_zombie_base_boardtear_aligned_m_3_pull
xanim,ai_zombie_base_boardtear_aligned_m_4_grab
xanim,ai_zombie_base_boardtear_aligned_m_4_hold
xanim,ai_zombie_base_boardtear_aligned_m_4_pull
xanim,ai_zombie_base_boardtear_aligned_m_5_grab
xanim,ai_zombie_base_boardtear_aligned_m_5_hold
xanim,ai_zombie_base_boardtear_aligned_m_5_pull
xanim,ai_zombie_base_boardtear_aligned_m_6_grab
xanim,ai_zombie_base_boardtear_aligned_m_6_hold
xanim,ai_zombie_base_boardtear_aligned_m_6_pull
xanim,ai_zombie_base_boardtear_aligned_r_1_grab
xanim,ai_zombie_base_boardtear_aligned_r_1_hold
xanim,ai_zombie_base_boardtear_aligned_r_1_pull
xanim,ai_zombie_base_boardtear_aligned_r_2_grab
xanim,ai_zombie_base_boardtear_aligned_r_2_hold
xanim,ai_zombie_base_boardtear_aligned_r_2_pull
xanim,ai_zombie_base_boardtear_aligned_r_3_grab
xanim,ai_zombie_base_boardtear_aligned_r_3_hold
xanim,ai_zombie_base_boardtear_aligned_r_3_pull
xanim,ai_zombie_base_boardtear_aligned_r_4_grab
xanim,ai_zombie_base_boardtear_aligned_r_4_hold
xanim,ai_zombie_base_boardtear_aligned_r_4_pull
xanim,ai_zombie_base_boardtear_aligned_r_5_grab
xanim,ai_zombie_base_boardtear_aligned_r_5_hold
xanim,ai_zombie_base_boardtear_aligned_r_5_pull
xanim,ai_zombie_base_boardtear_aligned_r_6_grab
xanim,ai_zombie_base_boardtear_aligned_r_6_hold
xanim,ai_zombie_base_boardtear_aligned_r_6_pull
xanim,ai_zombie_base_crawl_attack_v1
xanim,ai_zombie_base_crawl_attack_v2
xanim,ai_zombie_base_crawl_boardtear_aligned_l_1_grab
xanim,ai_zombie_base_crawl_boardtear_aligned_l_1_hold
xanim,ai_zombie_base_crawl_boardtear_aligned_l_1_pull
xanim,ai_zombie_base_crawl_boardtear_aligned_l_2_grab
xanim,ai_zombie_base_crawl_boardtear_aligned_l_2_hold
xanim,ai_zombie_base_crawl_boardtear_aligned_l_2_pull
xanim,ai_zombie_base_crawl_boardtear_aligned_l_3_grab
xanim,ai_zombie_base_crawl_boardtear_aligned_l_3_hold
xanim,ai_zombie_base_crawl_boardtear_aligned_l_3_pull
xanim,ai_zombie_base_crawl_boardtear_aligned_l_4_grab
xanim,ai_zombie_base_crawl_boardtear_aligned_l_4_hold
xanim,ai_zombie_base_crawl_boardtear_aligned_l_4_pull
xanim,ai_zombie_base_crawl_boardtear_aligned_l_5_grab
xanim,ai_zombie_base_crawl_boardtear_aligned_l_5_hold
xanim,ai_zombie_base_crawl_boardtear_aligned_l_5_pull
xanim,ai_zombie_base_crawl_boardtear_aligned_l_6_grab
xanim,ai_zombie_base_crawl_boardtear_aligned_l_6_hold
xanim,ai_zombie_base_crawl_boardtear_aligned_l_6_pull
xanim,ai_zombie_base_crawl_boardtear_aligned_m_1_grab
xanim,ai_zombie_base_crawl_boardtear_aligned_m_1_hold
xanim,ai_zombie_base_crawl_boardtear_aligned_m_1_pull
xanim,ai_zombie_base_crawl_boardtear_aligned_m_2_grab
xanim,ai_zombie_base_crawl_boardtear_aligned_m_2_hold
xanim,ai_zombie_base_crawl_boardtear_aligned_m_2_pull
xanim,ai_zombie_base_crawl_boardtear_aligned_m_3_grab
xanim,ai_zombie_base_crawl_boardtear_aligned_m_3_hold
xanim,ai_zombie_base_crawl_boardtear_aligned_m_3_pull
xanim,ai_zombie_base_crawl_boardtear_aligned_m_4_grab
xanim,ai_zombie_base_crawl_boardtear_aligned_m_4_hold
xanim,ai_zombie_base_crawl_boardtear_aligned_m_4_pull
xanim,ai_zombie_base_crawl_boardtear_aligned_m_5_grab
xanim,ai_zombie_base_crawl_boardtear_aligned_m_5_hold
xanim,ai_zombie_base_crawl_boardtear_aligned_m_5_pull
xanim,ai_zombie_base_crawl_boardtear_aligned_m_6_grab
xanim,ai_zombie_base_crawl_boardtear_aligned_m_6_hold
xanim,ai_zombie_base_crawl_boardtear_aligned_m_6_pull
xanim,ai_zombie_base_crawl_boardtear_aligned_r_1_grab
xanim,ai_zombie_base_crawl_boardtear_aligned_r_1_hold
xanim,ai_zombie_base_crawl_boardtear_aligned_r_1_pull
xanim,ai_zombie_base_crawl_boardtear_aligned_r_2_grab
xanim,ai_zombie_base_crawl_boardtear_aligned_r_2_hold
xanim,ai_zombie_base_crawl_boardtear_aligned_r_2_pull
xanim,ai_zombie_base_crawl_boardtear_aligned_r_3_grab
xanim,ai_zombie_base_crawl_boardtear_aligned_r_3_hold
xanim,ai_zombie_base_crawl_boardtear_aligned_r_3_pull
xanim,ai_zombie_base_crawl_boardtear_aligned_r_4_grab
xanim,ai_zombie_base_crawl_boardtear_aligned_r_4_hold
xanim,ai_zombie_base_crawl_boardtear_aligned_r_4_pull
xanim,ai_zombie_base_crawl_boardtear_aligned_r_5_grab
xanim,ai_zombie_base_crawl_boardtear_aligned_r_5_hold
xanim,ai_zombie_base_crawl_boardtear_aligned_r_5_pull
xanim,ai_zombie_base_crawl_boardtear_aligned_r_6_grab
xanim,ai_zombie_base_crawl_boardtear_aligned_r_6_hold
xanim,ai_zombie_base_crawl_boardtear_aligned_r_6_pull
xanim,ai_zombie_base_crawl_death_v1
xanim,ai_zombie_base_crawl_death_v2
xanim,ai_zombie_base_crawl_idle_v1
xanim,ai_zombie_base_crawl_jump_across_128
xanim,ai_zombie_base_crawl_jump_across_256
xanim,ai_zombie_base_crawl_jump_down_128
xanim,ai_zombie_base_crawl_jump_down_160
xanim,ai_zombie_base_crawl_jump_down_36
xanim,ai_zombie_base_crawl_jump_down_48
xanim,ai_zombie_base_crawl_jump_down_72
xanim,ai_zombie_base_crawl_jump_down_96
xanim,ai_zombie_base_crawl_jump_up_128
xanim,ai_zombie_base_crawl_jump_up_160
xanim,ai_zombie_base_crawl_jump_up_36
xanim,ai_zombie_base_crawl_jump_up_48
xanim,ai_zombie_base_crawl_jump_up_72
xanim,ai_zombie_base_crawl_jump_up_96
xanim,ai_zombie_base_crawl_mantle_over_128
xanim,ai_zombie_base_crawl_mantle_over_36
xanim,ai_zombie_base_crawl_mantle_over_48
xanim,ai_zombie_base_crawl_mantle_over_72
xanim,ai_zombie_base_crawl_mantle_over_96
xanim,ai_zombie_base_crawl_run_win_trav_l_v1
xanim,ai_zombie_base_crawl_run_win_trav_r_v1
xanim,ai_zombie_base_crawl_sprint_v1
xanim,ai_zombie_base_crawl_sprint_v2
xanim,ai_zombie_base_crawl_sprint_v3
xanim,ai_zombie_base_crawl_sprint_win_trav_l_v1
xanim,ai_zombie_base_crawl_sprint_win_trav_r_v1
xanim,ai_zombie_base_crawl_v1
xanim,ai_zombie_base_crawl_v2
xanim,ai_zombie_base_crawl_v3
xanim,ai_zombie_base_crawl_v4
xanim,ai_zombie_base_crawl_v5
xanim,ai_zombie_base_crawl_win_trav_l_v1
xanim,ai_zombie_base_crawl_win_trav_m_v1
xanim,ai_zombie_base_crawl_win_trav_m_v2
xanim,ai_zombie_base_crawl_win_trav_r_v1
xanim,ai_zombie_base_death_v1
xanim,ai_zombie_base_death_v2
xanim,ai_zombie_base_death_v3
xanim,ai_zombie_base_dth_b_id_gun
xanim,ai_zombie_base_dth_b_id_gun_crush
xanim,ai_zombie_base_dth_b_v1
xanim,ai_zombie_base_dth_b_v2
xanim,ai_zombie_base_dth_b_v3
xanim,ai_zombie_base_dth_f_id_gun
xanim,ai_zombie_base_dth_f_id_gun_crush
xanim,ai_zombie_base_dth_f_v1
xanim,ai_zombie_base_dth_f_v10
xanim,ai_zombie_base_dth_f_v11
xanim,ai_zombie_base_dth_f_v12
xanim,ai_zombie_base_dth_f_v13
xanim,ai_zombie_base_dth_f_v2
xanim,ai_zombie_base_dth_f_v3
xanim,ai_zombie_base_dth_f_v4
xanim,ai_zombie_base_dth_f_v5
xanim,ai_zombie_base_dth_f_v6
xanim,ai_zombie_base_dth_f_v7
xanim,ai_zombie_base_dth_f_v8
xanim,ai_zombie_base_dth_f_v9
xanim,ai_zombie_base_dth_l_id_gun
xanim,ai_zombie_base_dth_l_id_gun_crush
xanim,ai_zombie_base_dth_r_id_gun
xanim,ai_zombie_base_dth_r_id_gun_crush
xanim,ai_zombie_base_fast_sprint_01
xanim,ai_zombie_base_fast_sprint_01_pain_chest_f
xanim,ai_zombie_base_fast_sprint_01_pain_chest_f_alt
xanim,ai_zombie_base_fast_sprint_02
xanim,ai_zombie_base_fast_sprint_02_pain_chest_f
xanim,ai_zombie_base_fast_sprint_02_pain_chest_f_alt
xanim,ai_zombie_base_fwd_ad_attack_v1
xanim,ai_zombie_base_fwd_ad_attack_v2
xanim,ai_zombie_base_idle_ad_v1
xanim,ai_zombie_base_idle_au_v1
xanim,ai_zombie_base_jump_across_128
xanim,ai_zombie_base_jump_across_256
xanim,ai_zombie_base_jump_down_128
xanim,ai_zombie_base_jump_down_160
xanim,ai_zombie_base_jump_down_36
xanim,ai_zombie_base_jump_down_48
xanim,ai_zombie_base_jump_down_72
xanim,ai_zombie_base_jump_down_96
xanim,ai_zombie_base_jump_up_128
xanim,ai_zombie_base_jump_up_160
xanim,ai_zombie_base_jump_up_36
xanim,ai_zombie_base_jump_up_48
xanim,ai_zombie_base_jump_up_72
xanim,ai_zombie_base_jump_up_96
xanim,ai_zombie_base_mantle_over_128
xanim,ai_zombie_base_mantle_over_36
xanim,ai_zombie_base_mantle_over_48
xanim,ai_zombie_base_mantle_over_72
xanim,ai_zombie_base_mantle_over_96
xanim,ai_zombie_base_run_ad_attack_v1
xanim,ai_zombie_base_run_ad_attack_v2
xanim,ai_zombie_base_run_ad_attack_v3
xanim,ai_zombie_base_run_ad_attack_v4
xanim,ai_zombie_base_run_ad_sidestep_left_long_a
xanim,ai_zombie_base_run_ad_sidestep_left_long_b
xanim,ai_zombie_base_run_ad_sidestep_left_short_a
xanim,ai_zombie_base_run_ad_sidestep_right_long
xanim,ai_zombie_base_run_ad_sidestep_right_long_a
xanim,ai_zombie_base_run_ad_sidestep_right_short
xanim,ai_zombie_base_run_ad_v1
xanim,ai_zombie_base_run_ad_v11
xanim,ai_zombie_base_run_ad_v11_pain_chest_f
xanim,ai_zombie_base_run_ad_v11_pain_chest_f_alt
xanim,ai_zombie_base_run_ad_v12
xanim,ai_zombie_base_run_ad_v12_pain_chest_f
xanim,ai_zombie_base_run_ad_v12_pain_chest_f_alt
xanim,ai_zombie_base_run_ad_v14
xanim,ai_zombie_base_run_ad_v14_pain_chest_f
xanim,ai_zombie_base_run_ad_v14_pain_chest_f_alt
xanim,ai_zombie_base_run_ad_v1_pain_chest_f
xanim,ai_zombie_base_run_ad_v1_pain_chest_f_alt
xanim,ai_zombie_base_run_ad_v2
xanim,ai_zombie_base_run_ad_v20
xanim,ai_zombie_base_run_ad_v20_pain_chest_f
xanim,ai_zombie_base_run_ad_v20_pain_chest_f_alt
xanim,ai_zombie_base_run_ad_v21
xanim,ai_zombie_base_run_ad_v21_pain_chest_f
xanim,ai_zombie_base_run_ad_v21_pain_chest_f_alt
xanim,ai_zombie_base_run_ad_v22
xanim,ai_zombie_base_run_ad_v22_pain_chest_f
xanim,ai_zombie_base_run_ad_v22_pain_chest_f_alt
xanim,ai_zombie_base_run_ad_v23
xanim,ai_zombie_base_run_ad_v23_pain_chest_f
xanim,ai_zombie_base_run_ad_v23_pain_chest_f_alt
xanim,ai_zombie_base_run_ad_v24
xanim,ai_zombie_base_run_ad_v24_pain_chest_f
xanim,ai_zombie_base_run_ad_v24_pain_chest_f_alt
xanim,ai_zombie_base_run_ad_v2_pain_chest_f
xanim,ai_zombie_base_run_ad_v2_pain_chest_f_alt
xanim,ai_zombie_base_run_ad_v4
xanim,ai_zombie_base_run_ad_v4_pain_chest_f
xanim,ai_zombie_base_run_ad_v4_pain_chest_f_alt
xanim,ai_zombie_base_run_ad_v7
xanim,ai_zombie_base_run_ad_v7_pain_chest_f
xanim,ai_zombie_base_run_ad_v7_pain_chest_f_alt
xanim,ai_zombie_base_run_ad_v8
xanim,ai_zombie_base_run_ad_v8_pain_chest_f
xanim,ai_zombie_base_run_ad_v8_pain_chest_f_alt
xanim,ai_zombie_base_run_ad_win_trav_l_v1
xanim,ai_zombie_base_run_ad_win_trav_m_v1
xanim,ai_zombie_base_run_ad_win_trav_r_v1
xanim,ai_zombie_base_run_au_attack_v1
xanim,ai_zombie_base_run_au_attack_v2
xanim,ai_zombie_base_run_au_attack_v3
xanim,ai_zombie_base_run_au_attack_v4
xanim,ai_zombie_base_run_au_sidestep_left_long_a
xanim,ai_zombie_base_run_au_sidestep_left_long_b
xanim,ai_zombie_base_run_au_sidestep_left_long_c
xanim,ai_zombie_base_run_au_sidestep_left_short
xanim,ai_zombie_base_run_au_sidestep_left_short_a
xanim,ai_zombie_base_run_au_sidestep_left_short_b
xanim,ai_zombie_base_run_au_sidestep_right_long_a
xanim,ai_zombie_base_run_au_sidestep_right_long_b
xanim,ai_zombie_base_run_au_sidestep_right_long_c
xanim,ai_zombie_base_run_au_sidestep_right_short_a
xanim,ai_zombie_base_run_au_sidestep_right_short_b
xanim,ai_zombie_base_run_au_sidestep_right_short_c
xanim,ai_zombie_base_run_au_sidestep_right_short_d
xanim,ai_zombie_base_run_au_v1
xanim,ai_zombie_base_run_au_v11
xanim,ai_zombie_base_run_au_v11_pain_chest_f
xanim,ai_zombie_base_run_au_v11_pain_chest_f_alt
xanim,ai_zombie_base_run_au_v13
xanim,ai_zombie_base_run_au_v13_pain_chest_f
xanim,ai_zombie_base_run_au_v1_pain_chest_f
xanim,ai_zombie_base_run_au_v1_pain_chest_f_alt
xanim,ai_zombie_base_run_au_v2
xanim,ai_zombie_base_run_au_v20
xanim,ai_zombie_base_run_au_v20_pain_chest_f
xanim,ai_zombie_base_run_au_v20_pain_chest_f_alt
xanim,ai_zombie_base_run_au_v21
xanim,ai_zombie_base_run_au_v21_pain_chest_f
xanim,ai_zombie_base_run_au_v21_pain_chest_f_alt
xanim,ai_zombie_base_run_au_v22
xanim,ai_zombie_base_run_au_v22_pain_chest_f
xanim,ai_zombie_base_run_au_v22_pain_chest_f_alt
xanim,ai_zombie_base_run_au_v23
xanim,ai_zombie_base_run_au_v23_pain_chest_f
xanim,ai_zombie_base_run_au_v23_pain_chest_f_alt
xanim,ai_zombie_base_run_au_v24
xanim,ai_zombie_base_run_au_v24_pain_chest_f
xanim,ai_zombie_base_run_au_v24_pain_chest_f_alt
xanim,ai_zombie_base_run_au_v2_pain_chest_f
xanim,ai_zombie_base_run_au_v2_pain_chest_f_alt
xanim,ai_zombie_base_run_au_v4
xanim,ai_zombie_base_run_au_v4_pain_chest_f
xanim,ai_zombie_base_run_au_v4_pain_chest_f_alt
xanim,ai_zombie_base_run_au_v5
xanim,ai_zombie_base_run_au_v5_pain_chest_f
xanim,ai_zombie_base_run_au_v5_pain_chest_f_alt
xanim,ai_zombie_base_run_au_v9
xanim,ai_zombie_base_run_au_v9_pain_chest_f
xanim,ai_zombie_base_run_au_v9_pain_chest_f_alt
xanim,ai_zombie_base_run_au_win_trav_l_v1
xanim,ai_zombie_base_run_au_win_trav_m_v1
xanim,ai_zombie_base_run_au_win_trav_r_v1
xanim,ai_zombie_base_run_jump_down_36
xanim,ai_zombie_base_run_jump_down_48
xanim,ai_zombie_base_run_jump_down_72
xanim,ai_zombie_base_run_jump_down_96
xanim,ai_zombie_base_run_jump_up_36
xanim,ai_zombie_base_run_jump_up_48
xanim,ai_zombie_base_run_jump_up_72
xanim,ai_zombie_base_run_jump_up_96
xanim,ai_zombie_base_run_mantle_over_36
xanim,ai_zombie_base_run_mantle_over_48
xanim,ai_zombie_base_run_mantle_over_72
xanim,ai_zombie_base_run_mantle_over_96
xanim,ai_zombie_base_run_turn_135_l_v2
xanim,ai_zombie_base_run_turn_135_r_v2
xanim,ai_zombie_base_run_turn_180_l_v2
xanim,ai_zombie_base_run_turn_180_r_v2
xanim,ai_zombie_base_run_turn_45_l_v2
xanim,ai_zombie_base_run_turn_45_r_v2
xanim,ai_zombie_base_run_turn_90_l_v3
xanim,ai_zombie_base_run_turn_90_r_v2
xanim,ai_zombie_base_sprint_ad_sidestep_left_long_a
xanim,ai_zombie_base_sprint_ad_sidestep_left_long_b
xanim,ai_zombie_base_sprint_ad_sidestep_left_short_a
xanim,ai_zombie_base_sprint_ad_sidestep_right_long
xanim,ai_zombie_base_sprint_ad_sidestep_right_long_a
xanim,ai_zombie_base_sprint_ad_sidestep_right_long_b
xanim,ai_zombie_base_sprint_ad_sidestep_right_short_a
xanim,ai_zombie_base_sprint_ad_v1
xanim,ai_zombie_base_sprint_ad_v1_pain_chest_f
xanim,ai_zombie_base_sprint_ad_v1_pain_chest_f_alt
xanim,ai_zombie_base_sprint_ad_v2
xanim,ai_zombie_base_sprint_ad_v21
xanim,ai_zombie_base_sprint_ad_v21_pain_chest_f
xanim,ai_zombie_base_sprint_ad_v21_pain_chest_f_alt
xanim,ai_zombie_base_sprint_ad_v22
xanim,ai_zombie_base_sprint_ad_v22_pain_chest_f
xanim,ai_zombie_base_sprint_ad_v22_pain_chest_f_alt
xanim,ai_zombie_base_sprint_ad_v23
xanim,ai_zombie_base_sprint_ad_v23_pain_chest_f
xanim,ai_zombie_base_sprint_ad_v23_pain_chest_f_alt
xanim,ai_zombie_base_sprint_ad_v24
xanim,ai_zombie_base_sprint_ad_v24_pain_chest_f
xanim,ai_zombie_base_sprint_ad_v24_pain_chest_f_alt
xanim,ai_zombie_base_sprint_ad_v2_pain_chest_f
xanim,ai_zombie_base_sprint_ad_v2_pain_chest_f_alt
xanim,ai_zombie_base_sprint_ad_v5
xanim,ai_zombie_base_sprint_ad_v5_pain_chest_f
xanim,ai_zombie_base_sprint_ad_v5_pain_chest_f_alt
xanim,ai_zombie_base_sprint_ad_win_trav_l_v1
xanim,ai_zombie_base_sprint_ad_win_trav_m_v1
xanim,ai_zombie_base_sprint_ad_win_trav_m_v2
xanim,ai_zombie_base_sprint_ad_win_trav_r_v1
xanim,ai_zombie_base_sprint_au_sidestep_left_long_a
xanim,ai_zombie_base_sprint_au_sidestep_left_long_b
xanim,ai_zombie_base_sprint_au_sidestep_left_short_a
xanim,ai_zombie_base_sprint_au_sidestep_left_short_b
xanim,ai_zombie_base_sprint_au_sidestep_right_long_a
xanim,ai_zombie_base_sprint_au_sidestep_right_long_b
xanim,ai_zombie_base_sprint_au_sidestep_right_short_a
xanim,ai_zombie_base_sprint_au_sidestep_right_short_b
xanim,ai_zombie_base_sprint_au_v1
xanim,ai_zombie_base_sprint_au_v1_pain_chest_f
xanim,ai_zombie_base_sprint_au_v1_pain_chest_f_alt
xanim,ai_zombie_base_sprint_au_v2
xanim,ai_zombie_base_sprint_au_v20
xanim,ai_zombie_base_sprint_au_v20_pain_chest_f
xanim,ai_zombie_base_sprint_au_v20_pain_chest_f_alt
xanim,ai_zombie_base_sprint_au_v21
xanim,ai_zombie_base_sprint_au_v21_pain_chest_f
xanim,ai_zombie_base_sprint_au_v21_pain_chest_f_alt
xanim,ai_zombie_base_sprint_au_v22
xanim,ai_zombie_base_sprint_au_v22_pain_chest_f
xanim,ai_zombie_base_sprint_au_v22_pain_chest_f_alt
xanim,ai_zombie_base_sprint_au_v25
xanim,ai_zombie_base_sprint_au_v25_pain_chest_f
xanim,ai_zombie_base_sprint_au_v25_pain_chest_f_alt
xanim,ai_zombie_base_sprint_au_v2_pain_chest_f
xanim,ai_zombie_base_sprint_au_v2_pain_chest_f_alt
xanim,ai_zombie_base_sprint_au_win_trav_l_v1
xanim,ai_zombie_base_sprint_au_win_trav_m_v1
xanim,ai_zombie_base_sprint_au_win_trav_m_v2
xanim,ai_zombie_base_sprint_au_win_trav_r_v1
xanim,ai_zombie_base_sprint_turn_135_l_v2
xanim,ai_zombie_base_sprint_turn_135_r_v2
xanim,ai_zombie_base_sprint_turn_180_l_v2
xanim,ai_zombie_base_sprint_turn_180_r_v3
xanim,ai_zombie_base_sprint_turn_45_l_v2
xanim,ai_zombie_base_sprint_turn_45_r_v2
xanim,ai_zombie_base_sprint_turn_90_l_v2
xanim,ai_zombie_base_sprint_turn_90_r_v2
xanim,ai_zombie_base_supersprint_ad_v1
xanim,ai_zombie_base_supersprint_ad_v2
xanim,ai_zombie_base_supersprint_au_v1
xanim,ai_zombie_base_supersprint_au_v2
xanim,ai_zombie_base_taunts_v1
xanim,ai_zombie_base_taunts_v2
xanim,ai_zombie_base_taunts_v3
xanim,ai_zombie_base_taunts_v4
xanim,ai_zombie_base_taunts_v5
xanim,ai_zombie_base_taunts_v6
xanim,ai_zombie_base_taunts_v7
xanim,ai_zombie_base_taunts_v8
xanim,ai_zombie_base_taunts_v9
xanim,ai_zombie_base_traverse_procedural_idle
xanim,ai_zombie_base_traverse_procedural_idle_alt1
xanim,ai_zombie_base_traverse_procedural_idle_alt2
xanim,ai_zombie_base_traverse_procedural_jump
xanim,ai_zombie_base_traverse_procedural_jump_alt1
xanim,ai_zombie_base_traverse_procedural_jump_alt2
xanim,ai_zombie_base_traverse_procedural_land
xanim,ai_zombie_base_traverse_procedural_land_alt1
xanim,ai_zombie_base_traverse_procedural_land_alt2
xanim,ai_zombie_base_walk_ad_attack_v1
xanim,ai_zombie_base_walk_ad_attack_v2
xanim,ai_zombie_base_walk_ad_attack_v3
xanim,ai_zombie_base_walk_ad_attack_v4
xanim,ai_zombie_base_walk_ad_sidestep_left_long_b
xanim,ai_zombie_base_walk_ad_sidestep_left_short
xanim,ai_zombie_base_walk_ad_sidestep_left_short_b
xanim,ai_zombie_base_walk_ad_sidestep_right_a
xanim,ai_zombie_base_walk_ad_sidestep_right_long_a
xanim,ai_zombie_base_walk_ad_sidestep_right_long_b
xanim,ai_zombie_base_walk_ad_sidestep_right_short
xanim,ai_zombie_base_walk_ad_sidestep_right_short_a
xanim,ai_zombie_base_walk_ad_v1
xanim,ai_zombie_base_walk_ad_v19
xanim,ai_zombie_base_walk_ad_v19_pain_chest_f
xanim,ai_zombie_base_walk_ad_v19_pain_chest_f_alt
xanim,ai_zombie_base_walk_ad_v1_pain_chest_f
xanim,ai_zombie_base_walk_ad_v1_pain_chest_f_alt
xanim,ai_zombie_base_walk_ad_v2
xanim,ai_zombie_base_walk_ad_v20
xanim,ai_zombie_base_walk_ad_v20_pain_chest_f
xanim,ai_zombie_base_walk_ad_v20_pain_chest_f_alt
xanim,ai_zombie_base_walk_ad_v21
xanim,ai_zombie_base_walk_ad_v21_pain_chest_f
xanim,ai_zombie_base_walk_ad_v21_pain_chest_f_alt
xanim,ai_zombie_base_walk_ad_v22
xanim,ai_zombie_base_walk_ad_v22_pain_chest_f
xanim,ai_zombie_base_walk_ad_v22_pain_chest_f_alt
xanim,ai_zombie_base_walk_ad_v23
xanim,ai_zombie_base_walk_ad_v23_pain_chest_f
xanim,ai_zombie_base_walk_ad_v23_pain_chest_f_alt
xanim,ai_zombie_base_walk_ad_v24
xanim,ai_zombie_base_walk_ad_v24_pain_chest_f
xanim,ai_zombie_base_walk_ad_v24_pain_chest_f_alt
xanim,ai_zombie_base_walk_ad_v25
xanim,ai_zombie_base_walk_ad_v25_pain_chest_f
xanim,ai_zombie_base_walk_ad_v25_pain_chest_f_alt
xanim,ai_zombie_base_walk_ad_v2_pain_chest_f
xanim,ai_zombie_base_walk_ad_v2_pain_chest_f_alt
xanim,ai_zombie_base_walk_ad_v3
xanim,ai_zombie_base_walk_ad_v3_pain_chest_f
xanim,ai_zombie_base_walk_ad_v3_pain_chest_f_alt
xanim,ai_zombie_base_walk_ad_v4
xanim,ai_zombie_base_walk_ad_v4_pain_chest_f
xanim,ai_zombie_base_walk_ad_v4_pain_chest_f_alt
xanim,ai_zombie_base_walk_ad_v5
xanim,ai_zombie_base_walk_ad_v5_pain_chest_f
xanim,ai_zombie_base_walk_ad_v5_pain_chest_f_alt
xanim,ai_zombie_base_walk_ad_v6
xanim,ai_zombie_base_walk_ad_v6_pain_chest_f
xanim,ai_zombie_base_walk_ad_v6_pain_chest_f_alt
xanim,ai_zombie_base_walk_ad_v7
xanim,ai_zombie_base_walk_ad_v7_pain_chest_f
xanim,ai_zombie_base_walk_ad_v7_pain_chest_f_alt
xanim,ai_zombie_base_walk_ad_win_trav_l_v1
xanim,ai_zombie_base_walk_ad_win_trav_m_v1
xanim,ai_zombie_base_walk_ad_win_trav_m_v2
xanim,ai_zombie_base_walk_ad_win_trav_m_v3
xanim,ai_zombie_base_walk_ad_win_trav_r_v1
xanim,ai_zombie_base_walk_au_attack_v1
xanim,ai_zombie_base_walk_au_attack_v2
xanim,ai_zombie_base_walk_au_attack_v3
xanim,ai_zombie_base_walk_au_attack_v4
xanim,ai_zombie_base_walk_au_pain_head_v1
xanim,ai_zombie_base_walk_au_pain_legs_v1
xanim,ai_zombie_base_walk_au_pain_torso_v1
xanim,ai_zombie_base_walk_au_sidestep_left_long
xanim,ai_zombie_base_walk_au_sidestep_left_long_d
xanim,ai_zombie_base_walk_au_sidestep_left_short
xanim,ai_zombie_base_walk_au_sidestep_right_b
xanim,ai_zombie_base_walk_au_sidestep_right_short
xanim,ai_zombie_base_walk_au_v1
xanim,ai_zombie_base_walk_au_v10
xanim,ai_zombie_base_walk_au_v10_pain_chest_f
xanim,ai_zombie_base_walk_au_v10_pain_chest_f_alt
xanim,ai_zombie_base_walk_au_v11
xanim,ai_zombie_base_walk_au_v11_pain_chest_f
xanim,ai_zombie_base_walk_au_v11_pain_chest_f_alt
xanim,ai_zombie_base_walk_au_v12
xanim,ai_zombie_base_walk_au_v12_pain_chest_f
xanim,ai_zombie_base_walk_au_v12_pain_chest_f_alt
xanim,ai_zombie_base_walk_au_v13
xanim,ai_zombie_base_walk_au_v13_pain_chest_f
xanim,ai_zombie_base_walk_au_v13_pain_chest_f_alt
xanim,ai_zombie_base_walk_au_v15
xanim,ai_zombie_base_walk_au_v15_pain_chest_f
xanim,ai_zombie_base_walk_au_v15_pain_chest_f_alt
xanim,ai_zombie_base_walk_au_v1_pain_chest_f
xanim,ai_zombie_base_walk_au_v1_pain_chest_f_alt
xanim,ai_zombie_base_walk_au_v2
xanim,ai_zombie_base_walk_au_v20
xanim,ai_zombie_base_walk_au_v20_pain_chest_f
xanim,ai_zombie_base_walk_au_v20_pain_chest_f_alt
xanim,ai_zombie_base_walk_au_v21
xanim,ai_zombie_base_walk_au_v21_pain_chest_f
xanim,ai_zombie_base_walk_au_v21_pain_chest_f_alt
xanim,ai_zombie_base_walk_au_v23
xanim,ai_zombie_base_walk_au_v23_pain_chest_f
xanim,ai_zombie_base_walk_au_v23_pain_chest_f_alt
xanim,ai_zombie_base_walk_au_v2_pain_chest_f
xanim,ai_zombie_base_walk_au_v2_pain_chest_f_alt
xanim,ai_zombie_base_walk_au_v3
xanim,ai_zombie_base_walk_au_v3_pain_chest_f
xanim,ai_zombie_base_walk_au_v3_pain_chest_f_alt
xanim,ai_zombie_base_walk_au_v4
xanim,ai_zombie_base_walk_au_v4_pain_chest_f
xanim,ai_zombie_base_walk_au_v4_pain_chest_f_alt
xanim,ai_zombie_base_walk_au_v5
xanim,ai_zombie_base_walk_au_v5_pain_chest_f
xanim,ai_zombie_base_walk_au_v5_pain_chest_f_alt
xanim,ai_zombie_base_walk_au_v6
xanim,ai_zombie_base_walk_au_v6_pain_chest_f
xanim,ai_zombie_base_walk_au_v6_pain_chest_f_alt
xanim,ai_zombie_base_walk_au_v7
xanim,ai_zombie_base_walk_au_v7_pain_chest_f
xanim,ai_zombie_base_walk_au_v7_pain_chest_f_alt
xanim,ai_zombie_base_walk_au_v8
xanim,ai_zombie_base_walk_au_v8_pain_chest_f
xanim,ai_zombie_base_walk_au_v8_pain_chest_f_alt
xanim,ai_zombie_base_walk_au_win_trav_l_v1
xanim,ai_zombie_base_walk_au_win_trav_m_v1
xanim,ai_zombie_base_walk_au_win_trav_m_v2
xanim,ai_zombie_base_walk_au_win_trav_m_v3
xanim,ai_zombie_base_walk_au_win_trav_r_v1
xanim,ai_zombie_base_walk_turn_135_l_v3
xanim,ai_zombie_base_walk_turn_135_r_v2
xanim,ai_zombie_base_walk_turn_180_l_v3
xanim,ai_zombie_base_walk_turn_180_r_v3
xanim,ai_zombie_base_walk_turn_45_l_v2
xanim,ai_zombie_base_walk_turn_45_r_v2
xanim,ai_zombie_base_walk_turn_90_l_v2
xanim,ai_zombie_base_walk_turn_90_r_v2
xanim,ai_zombie_base_win_attack_arm_l_out
xanim,ai_zombie_base_win_attack_arm_r_out
xanim,ai_zombie_cp_crawl_jump_up_128_down_32
xanim,ai_zombie_cp_jump_up_128_down_32
xanim,ai_zombie_zod_crawl_stunned_electrobolt_a
xanim,ai_zombie_zod_crawl_stunned_electrobolt_b
xanim,ai_zombie_zod_crawl_stunned_electrobolt_c
xanim,ai_zombie_zod_crawl_stunned_electrobolt_d
xanim,ai_zombie_zod_crawl_stunned_electrobolt_e
xanim,ai_zombie_zod_margwa_smash_react_b_deadfallknee
xanim,ai_zombie_zod_margwa_smash_react_b_faceplant
xanim,ai_zombie_zod_margwa_smash_react_b_forwardtoface
xanim,ai_zombie_zod_margwa_smash_react_f
xanim,ai_zombie_zod_margwa_smash_react_f_doublebounce
xanim,ai_zombie_zod_margwa_smash_react_f_flatonback
xanim,ai_zombie_zod_margwa_smash_react_f_upontoback
xanim,ai_zombie_zod_margwa_smash_react_getup
xanim,ai_zombie_zod_margwa_smash_react_getup_a
xanim,ai_zombie_zod_margwa_smash_react_getup_b
xanim,ai_zombie_zod_margwa_smash_react_getup_c
xanim,ai_zombie_zod_margwa_smash_react_getup_quick_b
xanim,ai_zombie_zod_margwa_smash_react_getup_quick_c
xanim,ai_zombie_zod_margwa_smash_react_l_jackiespinright
xanim,ai_zombie_zod_margwa_smash_react_l_legsoutright
xanim,ai_zombie_zod_margwa_smash_react_r_jackiespinleft
xanim,ai_zombie_zod_margwa_smash_react_r_legsoutleft
xanim,ai_zombie_zod_stunned_electrobolt_a
xanim,ai_zombie_zod_stunned_electrobolt_b
xanim,ai_zombie_zod_stunned_electrobolt_c
xanim,ai_zombie_zod_stunned_electrobolt_d
xanim,ai_zombie_zod_stunned_electrobolt_e
xanim,rtrg_ai_zm_dlc1_zombie_crawl_lowg_v1
xanim,rtrg_ai_zm_dlc1_zombie_crawl_lowg_v2
xanim,rtrg_ai_zm_dlc1_zombie_crawl_lowg_v3
xanim,rtrg_ai_zm_dlc1_zombie_run_lowg_v1
xanim,rtrg_ai_zm_dlc1_zombie_run_lowg_v2
xanim,rtrg_ai_zm_dlc1_zombie_run_lowg_v3
xanim,rtrg_ai_zm_dlc1_zombie_run_lowg_v4
xanim,rtrg_ai_zm_dlc1_zombie_sprint_lowg_v1
xanim,rtrg_ai_zm_dlc1_zombie_sprint_lowg_v2
xanim,rtrg_ai_zm_dlc1_zombie_sprint_lowg_v3
xanim,rtrg_ai_zm_dlc1_zombie_sprint_lowg_v4
xanim,rtrg_ai_zm_dlc1_zombie_walk_lowg_v1
xanim,rtrg_ai_zm_dlc1_zombie_walk_lowg_v2
xanim,rtrg_ai_zm_dlc1_zombie_walk_lowg_v3
xanim,rtrg_ai_zm_dlc1_zombie_walk_lowg_v4
xmodel,c_zom_der_zombie_body1_g_behead
xmodel,c_zom_der_zombie_body1_g_blegsoff
xmodel,c_zom_der_zombie_body1_g_llegoff
xmodel,c_zom_der_zombie_body1_g_lowclean
xmodel,c_zom_der_zombie_body1_g_rlegoff
xmodel,c_zom_der_zombie_body2
xmodel,c_zom_der_zombie_body2_g_behead
xmodel,c_zom_der_zombie_body2_g_blegsoff
xmodel,c_zom_der_zombie_body2_g_larmoff
xmodel,c_zom_der_zombie_body2_g_llegoff
xmodel,c_zom_der_zombie_body2_g_lowclean
xmodel,c_zom_der_zombie_body2_g_rarmoff
xmodel,c_zom_der_zombie_body2_g_rlegoff
xmodel,c_zom_der_zombie_body2_g_upclean
xmodel,c_zom_der_zombie_head1
xmodel,c_zom_der_zombie_head2
xmodel,c_zom_der_zombie_head3
xmodel,c_zom_der_zombie_helmet1
xmodel,c_zom_zod_zombie_fem_body1_g_larmspawn
xmodel,c_zom_zod_zombie_fem_body1_g_llegspawn
xmodel,c_zom_zod_zombie_fem_body1_g_rarmspawn
xmodel,c_zom_zod_zombie_fem_body1_g_rlegspawn
xmodel,p7_zm_der_light_bulb_edison
xmodel,p7_zm_der_light_shade
xmodel,skybox_default_black
xmodel,skybox_default_day
xmodel,skybox_zm_factory
xmodelmesh,c_zom_der_head_1_lod07552e3d7
xmodelmesh,c_zom_der_head_1_lod17b771400
xmodelmesh,c_zom_der_head_1_lod22a74f240
xmodelmesh,c_zom_der_head_1_lod3e650584c
xmodelmesh,c_zom_der_head_1_lod4c1179c01
xmodelmesh,c_zom_der_head_1_lod5943b21d9
xmodelmesh,c_zom_der_head_1_lod6229e2b02
xmodelmesh,c_zom_der_head_2_lod0c8b48a35
xmodelmesh,c_zom_der_head_2_lod1177e7cdd
xmodelmesh,c_zom_der_head_2_lod2900ea178
xmodelmesh,c_zom_der_head_2_lod367983df6
xmodelmesh,c_zom_der_head_2_lod410b5a201
xmodelmesh,c_zom_der_head_2_lod51fd00a8a
xmodelmesh,c_zom_der_head_2_lod66291cdde
xmodelmesh,c_zom_der_head_3_lod054897ad0
xmodelmesh,c_zom_der_head_3_lod14fa358f7
xmodelmesh,c_zom_der_head_3_lod22700a248
xmodelmesh,c_zom_der_head_3_lod3a9afee46
xmodelmesh,c_zom_der_head_3_lod4e605e8d0
xmodelmesh,c_zom_der_head_3_lod53d40255c
xmodelmesh,c_zom_der_head_3_lod6b8e32972
xmodelmesh,c_zom_der_helmet_1_lod0c32b1d6c
xmodelmesh,c_zom_der_helmet_1_lod1cc9d111
xmodelmesh,c_zom_der_helmet_1_lod275993693
xmodelmesh,c_zom_der_helmet_1_lod3cd13d004
xmodelmesh,c_zom_der_helmet_1_lod440e19ebe
xmodelmesh,c_zom_der_helmet_1_lod55a672d53
xmodelmesh,c_zom_der_helmet_1_lod6b584e3ce
xmodelmesh,c_zom_der_zombie_body1_g_behead_lod0d7f0846c
xmodelmesh,c_zom_der_zombie_body1_g_behead_lod173bede7d
xmodelmesh,c_zom_der_zombie_body1_g_behead_lod2e0f4e454
xmodelmesh,c_zom_der_zombie_body1_g_behead_lod373e83067
xmodelmesh,c_zom_der_zombie_body1_g_behead_lod4e68ab97e
xmodelmesh,c_zom_der_zombie_body1_g_behead_lod586d08846
xmodelmesh,c_zom_der_zombie_body1_g_behead_lod6cfec6cba
xmodelmesh,c_zom_der_zombie_body1_g_blegsoff_lod028e897ab
xmodelmesh,c_zom_der_zombie_body1_g_blegsoff_lod19524f698
xmodelmesh,c_zom_der_zombie_body1_g_blegsoff_lod26f0a12a7
xmodelmesh,c_zom_der_zombie_body1_g_blegsoff_lod3776ad7c0
xmodelmesh,c_zom_der_zombie_body1_g_blegsoff_lod4e6f7b2a0
xmodelmesh,c_zom_der_zombie_body1_g_blegsoff_lod52a8483e9
xmodelmesh,c_zom_der_zombie_body1_g_blegsoff_lod6d37207be
xmodelmesh,c_zom_der_zombie_body1_g_llegoff_lod09befef1e
xmodelmesh,c_zom_der_zombie_body1_g_llegoff_lod1692bb2a1
xmodelmesh,c_zom_der_zombie_body1_g_llegoff_lod2f7127018
xmodelmesh,c_zom_der_zombie_body1_g_llegoff_lod32993a276
xmodelmesh,c_zom_der_zombie_body1_g_llegoff_lod472b7e0e
xmodelmesh,c_zom_der_zombie_body1_g_llegoff_lod514b66699
xmodelmesh,c_zom_der_zombie_body1_g_llegoff_lod67f9aa231
xmodelmesh,c_zom_der_zombie_body1_g_lowclean_lod05d3964f8
xmodelmesh,c_zom_der_zombie_body1_g_lowclean_lod1d5459dbe
xmodelmesh,c_zom_der_zombie_body1_g_lowclean_lod2118693d3
xmodelmesh,c_zom_der_zombie_body1_g_lowclean_lod330d513fe
xmodelmesh,c_zom_der_zombie_body1_g_lowclean_lod41da35f97
xmodelmesh,c_zom_der_zombie_body1_g_lowclean_lod517213356
xmodelmesh,c_zom_der_zombie_body1_g_lowclean_lod6fa3102be
xmodelmesh,c_zom_der_zombie_body1_g_rlegoff_lod0db873496
xmodelmesh,c_zom_der_zombie_body1_g_rlegoff_lod1c39344cc
xmodelmesh,c_zom_der_zombie_body1_g_rlegoff_lod27cd40052
xmodelmesh,c_zom_der_zombie_body1_g_rlegoff_lod38bc72a63
xmodelmesh,c_zom_der_zombie_body1_g_rlegoff_lod4b95a1e19
xmodelmesh,c_zom_der_zombie_body1_g_rlegoff_lod5cb3b0646
xmodelmesh,c_zom_der_zombie_body1_g_rlegoff_lod659e69f26
xmodelmesh,c_zom_der_zombie_body2_g_behead_lod010ea455a
xmodelmesh,c_zom_der_zombie_body2_g_behead_lod1f439b647
xmodelmesh,c_zom_der_zombie_body2_g_behead_lod229208994
xmodelmesh,c_zom_der_zombie_body2_g_behead_lod35d09dd7e
xmodelmesh,c_zom_der_zombie_body2_g_behead_lod4adfd81c9
xmodelmesh,c_zom_der_zombie_body2_g_behead_lod592058fd9
xmodelmesh,c_zom_der_zombie_body2_g_behead_lod633e7b02c
xmodelmesh,c_zom_der_zombie_body2_g_blegsoff_lod01ffc0dd6
xmodelmesh,c_zom_der_zombie_body2_g_blegsoff_lod1365920cf
xmodelmesh,c_zom_der_zombie_body2_g_blegsoff_lod27f4952d3
xmodelmesh,c_zom_der_zombie_body2_g_blegsoff_lod3ddb198f9
xmodelmesh,c_zom_der_zombie_body2_g_blegsoff_lod4b5d88c29
xmodelmesh,c_zom_der_zombie_body2_g_blegsoff_lod5c35191e1
xmodelmesh,c_zom_der_zombie_body2_g_blegsoff_lod6fec7049e
xmodelmesh,c_zom_der_zombie_body2_g_larmoff_lod081b28073
xmodelmesh,c_zom_der_zombie_body2_g_larmoff_lod1c3f3b9ed
xmodelmesh,c_zom_der_zombie_body2_g_larmoff_lod25ae69e7
xmodelmesh,c_zom_der_zombie_body2_g_larmoff_lod3ae55bc96
xmodelmesh,c_zom_der_zombie_body2_g_larmoff_lod4d021f8b9
xmodelmesh,c_zom_der_zombie_body2_g_larmoff_lod54bc08c33
xmodelmesh,c_zom_der_zombie_body2_g_larmoff_lod611a802c9
xmodelmesh,c_zom_der_zombie_body2_g_llegoff_lod081901a33
xmodelmesh,c_zom_der_zombie_body2_g_llegoff_lod16b31acae
xmodelmesh,c_zom_der_zombie_body2_g_llegoff_lod26f41bbce
xmodelmesh,c_zom_der_zombie_body2_g_llegoff_lod3b27e2b15
xmodelmesh,c_zom_der_zombie_body2_g_llegoff_lod4501501a8
xmodelmesh,c_zom_der_zombie_body2_g_llegoff_lod51fe99774
xmodelmesh,c_zom_der_zombie_body2_g_llegoff_lod6a21441c3
xmodelmesh,c_zom_der_zombie_body2_g_lowclean_lod0cd620c1c
xmodelmesh,c_zom_der_zombie_body2_g_lowclean_lod1c0634905
xmodelmesh,c_zom_der_zombie_body2_g_lowclean_lod2fda2a6ea
xmodelmesh,c_zom_der_zombie_body2_g_lowclean_lod364af3fa9
xmodelmesh,c_zom_der_zombie_body2_g_lowclean_lod42f32ddfb
xmodelmesh,c_zom_der_zombie_body2_g_lowclean_lod5bcac4582
xmodelmesh,c_zom_der_zombie_body2_g_lowclean_lod69154bfa3
xmodelmesh,c_zom_der_zombie_body2_g_rarmoff_lod0eb7c587f
xmodelmesh,c_zom_der_zombie_body2_g_rarmoff_lod1b213be08
xmodelmesh,c_zom_der_zombie_body2_g_rarmoff_lod2bc7fae3e
xmodelmesh,c_zom_der_zombie_body2_g_rarmoff_lod3968192d5
xmodelmesh,c_zom_der_zombie_body2_g_rarmoff_lod47cf4ad5c
xmodelmesh,c_zom_der_zombie_body2_g_rarmoff_lod51d65bb91
xmodelmesh,c_zom_der_zombie_body2_g_rarmoff_lod6decb6687
xmodelmesh,c_zom_der_zombie_body2_g_rlegoff_lod0ff39e779
xmodelmesh,c_zom_der_zombie_body2_g_rlegoff_lod19214c0d0
xmodelmesh,c_zom_der_zombie_body2_g_rlegoff_lod27b186e2f
xmodelmesh,c_zom_der_zombie_body2_g_rlegoff_lod3e6d99ea9
xmodelmesh,c_zom_der_zombie_body2_g_rlegoff_lod4f6abfafb
xmodelmesh,c_zom_der_zombie_body2_g_rlegoff_lod52ab33a06
xmodelmesh,c_zom_der_zombie_body2_g_rlegoff_lod6760fa259
xmodelmesh,c_zom_der_zombie_body2_g_upclean_lod0ae31c5f0
xmodelmesh,c_zom_der_zombie_body2_g_upclean_lod15dd11b40
xmodelmesh,c_zom_der_zombie_body2_g_upclean_lod28bd32b62
xmodelmesh,c_zom_der_zombie_body2_g_upclean_lod3393e0449
xmodelmesh,c_zom_der_zombie_body2_g_upclean_lod480e47024
xmodelmesh,c_zom_der_zombie_body2_g_upclean_lod55a397dd2
xmodelmesh,c_zom_der_zombie_body2_g_upclean_lod6e453bc68
xmodelmesh,c_zom_der_zombie_body2_lod0625bcf45
xmodelmesh,c_zom_der_zombie_body2_lod1e0ffb6c2
xmodelmesh,c_zom_der_zombie_body2_lod2be130d8a
xmodelmesh,c_zom_der_zombie_body2_lod344dafc87
xmodelmesh,c_zom_der_zombie_body2_lod4a9a1848d
xmodelmesh,c_zom_der_zombie_body2_lod5a94cdd4d
xmodelmesh,c_zom_der_zombie_body2_lod6476855ed
xmodelmesh,c_zom_zod_zombie_fem_body1_g_larmspawn_lod0504c0b52
xmodelmesh,c_zom_zod_zombie_fem_body1_g_larmspawn_lod0539c617e
xmodelmesh,c_zom_zod_zombie_fem_body1_g_larmspawn_lod0567f2c88
xmodelmesh,c_zom_zod_zombie_fem_body1_g_larmspawn_lod06611811f
xmodelmesh,c_zom_zod_zombie_fem_body1_g_larmspawn_lod071ee3647
xmodelmesh,c_zom_zod_zombie_fem_body1_g_larmspawn_lod0b5e99667
xmodelmesh,c_zom_zod_zombie_fem_body1_g_larmspawn_lod0e0592c13
xmodelmesh,c_zom_zod_zombie_fem_body1_g_larmspawn_lod0f35667dd
xmodelmesh,c_zom_zod_zombie_fem_body1_g_llegspawn_lod02a259e13
xmodelmesh,c_zom_zod_zombie_fem_body1_g_llegspawn_lod034c88b59
xmodelmesh,c_zom_zod_zombie_fem_body1_g_llegspawn_lod041c78fa2
xmodelmesh,c_zom_zod_zombie_fem_body1_g_llegspawn_lod044d1d262
xmodelmesh,c_zom_zod_zombie_fem_body1_g_llegspawn_lod056fb478
xmodelmesh,c_zom_zod_zombie_fem_body1_g_llegspawn_lod0cb3aa1bd
xmodelmesh,c_zom_zod_zombie_fem_body1_g_llegspawn_lod0d8f17acf
xmodelmesh,c_zom_zod_zombie_fem_body1_g_llegspawn_lod0ed640c28
xmodelmesh,c_zom_zod_zombie_fem_body1_g_rarmspawn_lod015c23f93
xmodelmesh,c_zom_zod_zombie_fem_body1_g_rarmspawn_lod02f5eed13
xmodelmesh,c_zom_zod_zombie_fem_body1_g_rarmspawn_lod05223ef7a
xmodelmesh,c_zom_zod_zombie_fem_body1_g_rarmspawn_lod075527b40
xmodelmesh,c_zom_zod_zombie_fem_body1_g_rarmspawn_lod08155b704
xmodelmesh,c_zom_zod_zombie_fem_body1_g_rarmspawn_lod08fd8a2fc
xmodelmesh,c_zom_zod_zombie_fem_body1_g_rarmspawn_lod0be021e3f
xmodelmesh,c_zom_zod_zombie_fem_body1_g_rarmspawn_lod0cc3184d5
xmodelmesh,c_zom_zod_zombie_fem_body1_g_rlegspawn_lod01414fc82
xmodelmesh,c_zom_zod_zombie_fem_body1_g_rlegspawn_lod019d1b9e0
xmodelmesh,c_zom_zod_zombie_fem_body1_g_rlegspawn_lod03da2116b
xmodelmesh,c_zom_zod_zombie_fem_body1_g_rlegspawn_lod053f29eef
xmodelmesh,c_zom_zod_zombie_fem_body1_g_rlegspawn_lod0c5acd6f
xmodelmesh,c_zom_zod_zombie_fem_body1_g_rlegspawn_lod0c7aec304
xmodelmesh,c_zom_zod_zombie_fem_body1_g_rlegspawn_lod0d0f95c7e
xmodelmesh,c_zom_zod_zombie_fem_body1_g_rlegspawn_lod0e81c06d8
xmodelmesh,p7_zm_der_light_bulb_edison_lod023031174
xmodelmesh,p7_zm_der_light_bulb_edison_lod0dda2fc30
xmodelmesh,p7_zm_der_light_shade_col8c71906
xmodelmesh,p7_zm_der_light_shade_lod01e39219a
xmodelmesh,p7_zm_der_light_shade_lod06f265e04
xmodelmesh,p7_zm_der_light_shade_lod077d7b7ac
xmodelmesh,p7_zm_der_light_shade_lod07ea56e7c
xmodelmesh,p7_zm_der_light_shade_lod0b2e1bb86
xmodelmesh,p7_zm_der_light_shade_lod0c2bff678
xmodelmesh,p7_zm_der_light_shade_lod0e2cd8a47
xmodelmesh,p7_zm_der_light_shade_lod0f21d8c5e
xmodelmesh,t6_skyboxfb7b39d6
material,ei/gfx_gel_drops_full_lite_spec|dup
material,luts_t7_default
material,mc/mtl_c_zom_der_zombie_body1
material,mc/mtl_c_zom_der_zombie_body1_chest
material,mc/mtl_c_zom_der_zombie_body2
material,mc/mtl_c_zom_der_zombie_body2_skin
material,mc/mtl_c_zom_der_zombie_gear_g43pouch
material,mc/mtl_c_zom_der_zombie_gear_k98pouch
material,mc/mtl_c_zom_der_zombie_gear_knife
material,mc/mtl_c_zom_der_zombie_gear_mp40pouch
material,mc/mtl_c_zom_der_zombie_head1
material,mc/mtl_c_zom_der_zombie_head1u
material,mc/mtl_c_zom_der_zombie_head2
material,mc/mtl_c_zom_der_zombie_head3
material,mc/mtl_c_zom_der_zombie_helmet1
material,mc/mtl_c_zom_zod_zombie_fem_body_1_skin
material,mc/mtl_c_zom_zod_zombie_fem_boots
material,mc/mtl_p7_zm_der_light_set_bulb_transparent
material,mc/mtl_p7_zm_der_light_set_metal_aluminum
material,mc/mtl_p7_zm_der_light_set_metal_worn
material,mc/mtl_p7_zm_der_light_set_paint_green_drk
material,mc/mtl_p7_zm_der_light_vacuum_tube_wire
material,mc/mtl_skybox_default_black
material,mc/mtl_skybox_default_day
material,mc/mtl_skybox_zm_factory
material,wc/t7_asphalt_deck_02
techset,mc/emissive_add#e6142445
techset,mc/lit_micro_tile_blend_advanced#e6142445
techset,mc/lit_micro_tile_blend_plus#e6142445
techset,mc/lit_transparent_backlit_advanced#e6142445
techset,mc/sky_hdr#e6142445
techset,mc/sky_latlong_hdr#e6142445
techset,wc/lit_advanced#882572b8
image,i_c_gen_reveal_2k_sq_r
image,i_c_zom_der_zombie_body1_ao
image,i_c_zom_der_zombie_body1_c
image,i_c_zom_der_zombie_body1_chest_ao
image,i_c_zom_der_zombie_body1_chest_c
image,i_c_zom_der_zombie_body1_chest_g
image,i_c_zom_der_zombie_body1_chest_n
image,i_c_zom_der_zombie_body1_g
image,i_c_zom_der_zombie_body1_n
image,i_c_zom_der_zombie_body2_ao
image,i_c_zom_der_zombie_body2_c
image,i_c_zom_der_zombie_body2_g
image,i_c_zom_der_zombie_body2_n
image,i_c_zom_der_zombie_body2_s
image,i_c_zom_der_zombie_body2_skin_ao
image,i_c_zom_der_zombie_body2_skin_c
image,i_c_zom_der_zombie_body2_skin_g
image,i_c_zom_der_zombie_body2_skin_n
image,i_c_zom_der_zombie_g43pouch_ao
image,i_c_zom_der_zombie_g43pouch_c
image,i_c_zom_der_zombie_g43pouch_g
image,i_c_zom_der_zombie_g43pouch_n
image,i_c_zom_der_zombie_g43pouch_s
image,i_c_zom_der_zombie_head1_ao
image,i_c_zom_der_zombie_head1_c
image,i_c_zom_der_zombie_head1_g
image,i_c_zom_der_zombie_head1_n
image,i_c_zom_der_zombie_head2_ao
image,i_c_zom_der_zombie_head2_c
image,i_c_zom_der_zombie_head2_g
image,i_c_zom_der_zombie_head2_n
image,i_c_zom_der_zombie_head3_ao
image,i_c_zom_der_zombie_head3_c
image,i_c_zom_der_zombie_head3_g
image,i_c_zom_der_zombie_head3_n
image,i_c_zom_der_zombie_helmet1_c
image,i_c_zom_der_zombie_helmet1_g
image,i_c_zom_der_zombie_helmet1_n
image,i_c_zom_der_zombie_helmet1_o
image,i_c_zom_der_zombie_k98pouch_ao
image,i_c_zom_der_zombie_k98pouch_c
image,i_c_zom_der_zombie_k98pouch_g
image,i_c_zom_der_zombie_k98pouch_n
image,i_c_zom_der_zombie_k98pouch_s
image,i_c_zom_der_zombie_knife_ao
image,i_c_zom_der_zombie_knife_c
image,i_c_zom_der_zombie_knife_g
image,i_c_zom_der_zombie_knife_n
image,i_c_zom_der_zombie_knife_s
image,i_c_zom_der_zombie_mp40pouch_ao
image,i_c_zom_der_zombie_mp40pouch_c
image,i_c_zom_der_zombie_mp40pouch_g
image,i_c_zom_der_zombie_mp40pouch_n
image,i_c_zom_der_zombie_mp40pouch_s
image,i_c_zom_zod_zombie_fem_body_1_skin_c
image,i_c_zom_zod_zombie_fem_body_1_skin_g
image,i_c_zom_zod_zombie_fem_body_1_skin_n
image,i_c_zom_zod_zombie_fem_boots_c
image,i_c_zom_zod_zombie_fem_boots_g
image,i_c_zom_zod_zombie_fem_boots_n
image,i_mtl_p7_zm_der_light_set_bulb_small_c
image,i_mtl_p7_zm_der_light_set_bulb_small_g
image,i_mtl_p7_zm_der_light_set_bulb_small_m
image,i_mtl_p7_zm_der_light_set_bulb_small_n
image,i_mtl_p7_zm_der_light_set_bulb_small_s
image,i_mtl_p7_zm_der_light_set_m
image,i_mtl_p7_zm_der_light_set_n
image,i_mtl_p7_zm_der_light_vacuum_tube_wire_c
image,i_mtl_p7_zm_der_light_vacuum_tube_wire_e
image,i_t7_asphalt_deck_02_c
image,i_t7_asphalt_deck_02_g
image,i_t7_asphalt_deck_02_n
image,i_t7_micro_metal_bare_worn_01_g
image,i_t7_micro_metal_grunge_scratch_03_n
image,i_t7_micro_metal_grunge_scratch_fine_01_s
image,i_t7_micro_metal_painted_02_c
image,img_luts_curve_blend
image,skybox_default_black
image,skybox_default_day_ft
image,skybox_zm_factory_ft
image,t7_cp_hud_tacmode_type_amws
image,zm_bunker_ascension_BC3_SRGB_combo
image,zm_bunker_ascension_BC4_combo
image,zm_bunker_ascension_BC7_SRGB_combo
image,zm_bunker_ascension_BC7_combo
sound,zm_bunker_ascension
col_map,maps/zm/zm_bunker_ascension.d3dbsp
com_map,maps/zm/zm_bunker_ascension.d3dbsp
game_map,maps/zm/zm_bunker_ascension.d3dbsp
map_ents,maps/zm/zm_bunker_ascension.d3dbsp
gfx_map,maps/zm/zm_bunker_ascension.d3dbsp
weapon,zombie_ai_defaultmelee_zm
fx,blood/fx_blood_gib_arm_sever_burst
fx,blood/fx_blood_gib_leg_sever_burst
fx,blood/fx_blood_impact_exp_body_lg_zmb
fx,blood/fx_blood_sword_trail_emitter_zod_zmb
fx,blood/fx_blood_trail_zmb
scriptparsetree,scripts/zm/zm_bunker_ascension.csc
scriptparsetree,scripts/zm/zm_bunker_ascension.gsc
scriptparsetree,scripts/zm/zm_usermap.gsc
keyvaluepairs,zm_bunker_ascension
surfacesounddef,zombfootstep_crouch_run_zomb
surfacesounddef,zombfootstep_crouch_walk_zomb
surfacesounddef,zombfootstep_ladder_hand_zomb
surfacesounddef,zombfootstep_prone_zomb
surfacesounddef,zombfootstep_run_zomb
surfacesounddef,zombfootstep_sprint_zomb
surfacesounddef,zombfootstep_walk_zomb
footsteptable,zombfootstep
scriptbundle,c_54i_grunt_fx_table
scriptbundle,c_zom_der_zombie_gib_def
scriptbundle,c_zom_der_zombie_hat_gib_def
animselectortable,zm_genesis_zombie.ai_ast
animmappingtable,zm_genesis_zombie.ai_am
animstatemachine,zm_genesis_zombie.ai_asm
behaviortree,zm_genesis_zombie.ai_bt
texturecombo,zm_bunker_ascension
navmesh,maps/zm/zm_bunker_ascension_navmesh
